Method,MAE,RMSE,MAPE (%),R²,Correlation (r),Acc@10 (%),Acc@20 (%),Acc@30 (%)
Mean Baseline,38.77777777777778,45.51637881840712,29.285712908334823,-0.3801835737667165,,11.11111111111111,33.33333333333333,44.44444444444444
Linear Regression,41.16664259499976,48.64723741440483,31.430952721689913,-0.5765865342418617,-0.4272679529943895,22.22222222222222,22.22222222222222,44.44444444444444
Gradient Boosting,67.0988399439838,78.16426194336994,49.40298023716505,-3.07022025115796,-0.056862365083176436,11.11111111111111,11.11111111111111,11.11111111111111
Meta-Prompting (GPT-4),88.11111111111111,92.2900018660984,56.78512427765535,-4.674279933544981,0.7074776731181249,0.0,0.0,0.0
Meta-Prompting (Calibrated),31.98905309250138,41.36970782984531,19.819065438003292,-0.140161456089253,0.7074776731181249,11.11111111111111,44.44444444444444,66.66666666666666
